R,pitch,y1,y2,y3,z1,z2,z3
1.0000009178452756,4.000000082762557,2,0,2,2,3,2
